,Epoch,Step,Lr,TrainLoss,TrainAcc,ValLoss,ValAcc
0,0,0,0.0013975424859373686,6.678552035565646,0.06926959774123048,6.691366579995226,0.0691369180915071
1,1,265,0.005429653034538367,6.254439400726894,0.08416244120530363,6.259238570483763,0.08456510483328976
2,2,530,0.0038393444802121953,5.940155565513755,0.10532199082509526,5.9460573125241405,0.1058931248401528
3,3,795,0.003134811641096995,5.675090178003851,0.13122736193099113,5.689026483848913,0.13221923695571386
4,4,1060,0.0027148265172691837,5.442084015540357,0.15139608866763565,5.465493401484703,0.15113213235762582
5,5,1325,0.0024282146558931607,5.276679019208224,0.16636635233771127,5.306298732757568,0.16621050394293088
6,6,1590,0.0022166465691622144,5.158486657772424,0.1762873948745008,5.19873387066286,0.17557631811099267
7,7,1855,0.0020522159478222456,5.077422780810662,0.18242536704495269,5.127284284847886,0.18167755786162704
8,8,2120,0.0019196722401060976,5.0072280649868945,0.187976236781984,5.063448372171886,0.18610499576846165
9,9,2385,0.0018098843448461225,4.957096985151183,0.19074686540747587,5.01937558757725,0.18976673016797252
10,10,2650,0.0017170070493586127,4.91037696082637,0.1943128433992278,4.981855406689999,0.19208503970459326
11,11,2915,0.001637101987034398,4.873411995509885,0.19745749803084248,4.946952947929724,0.194795564261835
12,12,3180,0.0015674058205484974,4.838073422773829,0.19945003744566214,4.921448415784694,0.19631212816309573
13,13,3445,0.0015059148018466717,4.801414509539335,0.20306263048693818,4.891813513058335,0.19993782176900265
14,14,3710,0.001451135813164288,4.772319635355248,0.20503461900747047,4.867618069719913,0.20122047057792322
15,15,3975,0.0014019303852301108,4.753347220510807,0.2053442566462283,4.853126312369731,0.2017416569279201
16,16,4240,0.0013574132586345918,4.726340175124834,0.20815282576489,4.831374545595539,0.20359496127313642
17,17,4505,0.001316884292462185,4.7108687436805585,0.20880367502851307,4.823769469759357,0.20475429229771913
18,18,4770,0.001279781493404065,4.686311689412819,0.21102749244222102,4.803698931167375,0.20677579049743824
19,19,5035,0.0012456478355811422,4.667739342743496,0.21260157182531536,4.790819317547243,0.20756304775601003
20,20,5300,0.0012141073279465803,4.650855555624332,0.2134444756890243,4.778973202207196,0.20846302229077068
21,21,5565,0.0011848474299104165,4.6332438576896235,0.21504008792481333,4.7659282969005075,0.2096205856373061
22,22,5830,0.001157605916525994,4.619427709759407,0.2163406343954914,4.758222110235869,0.21015060615183703
23,23,6095,0.0011321609210299857,4.599788187134941,0.21780708533413004,4.7434474745793125,0.2119668106089777
24,24,6360,0.0011083232845811072,4.586851409696183,0.21873945801887873,4.734169497418759,0.2126455898605176
25,25,6625,0.0010859306069076736,4.57322389494698,0.21959688871536615,4.726902591648386,0.21355969892508947
26,26,6890,0.0010648425682749775,4.560062440836204,0.22066090180064146,4.7176027653822254,0.21344556692820876
27,27,7155,0.0010449372136989983,4.547225541888543,0.22167688979292816,4.706534414149043,0.2145430628043502
28,28,7420,0.0010261079739111228,4.533432562846058,0.2222560445655067,4.6985883285750205,0.21516990061126537
29,29,7685,0.001008261256432658,4.5237716278939875,0.22294590349467294,4.6948881433970895,0.2152790836433866
30,30,7950,0.0009913144821476802,4.512328347619975,0.2242405522544429,4.691400157871531,0.21655572639472448
31,31,8215,0.0009751944731688585,4.501799707592658,0.22487003814499334,4.676147190492545,0.21678363520707658
32,32,8480,0.0009598361200530488,4.488937768396341,0.22576109497052319,4.675811319208857,0.21702956552825756
33,33,8745,0.0009451812729051806,4.479045918302716,0.22702758711464,4.67026966009567,0.21808041921302454
34,34,9010,0.0009311778132380596,4.466798195748959,0.22768728114523978,4.656472889345084,0.2187079627122452
35,35,9275,0.0009177788727679404,4.457941305412437,0.22784032630470563,4.652735375646335,0.2181408403079901
36,36,9540,0.0009049421724230612,4.45067593196653,0.22887212381048022,4.651015210507521,0.21916378033694936
37,37,9805,0.0008926294602975677,4.440719223022461,0.2294647366933103,4.646612259879041,0.21941854348823206
38,38,10070,0.0008808060315097713,4.430331850951573,0.23060309358362882,4.6383977221019235,0.22028282929712267
39,39,10335,0.0008694403162228178,4.420443214560454,0.2311850255952691,4.631834699146784,0.2213350974801761
40,40,10600,0.0008585035246793063,4.412940556148313,0.23195798672595114,4.630942714748098,0.22144145485180527
41,41,10865,0.0008479693401537424,4.4069752747157835,0.23229744681772196,4.630423602773182,0.22155593869401446
42,42,11130,0.0008378136523611078,4.39805059972799,0.2329455187860525,4.625470325128356,0.22182660294112874
43,43,11395,0.0008280143251691895,4.3857972774865495,0.23402948441370477,4.616908237115661,0.22178455520032056
44,44,11660,0.000818550993517199,4.376547473331668,0.23454121733611485,4.612996492812883,0.22271138362920107
45,45,11925,0.0008094048852977202,4.369132400008867,0.23527662247981665,4.60902897279654,0.22279972082643368
46,46,12190,0.0008005586646547101,4.364226105528058,0.23551832510615295,4.6094138657868795,0.22312585898299717
47,47,12455,0.0007919962937194564,4.354238351785912,0.23621194334524984,4.6031550151198655,0.22371559556740434
48,48,12720,0.0007837029102742487,4.349514282874341,0.23679643858153865,4.600147005337388,0.22389474244260077
49,49,12985,0.0007756647192197668,4.340934850584786,0.23744416917270084,4.596439639134194,0.22462546358357616
50,50,13250,0.000767868896042439,4.335327634271586,0.2378381907939911,4.594418077326533,0.2246233433929842
51,51,13515,0.0007603035007446324,4.324709723130712,0.23862097921236505,4.585217938494327,0.22498198921111093
52,52,13780,0.0007529574009233358,4.318222574917775,0.23899303938982622,4.582121863294003,0.2256469900038705
53,53,14045,0.0007458202028699009,4.312259287204382,0.2394440584025293,4.58323877249191,0.22515018373282988
54,54,14310,0.0007388821897207383,4.307489296175399,0.23974882499226985,4.580082587341764,0.225597521039977
55,55,14575,0.0007321342658217784,4.298904956961578,0.24077605037194377,4.576002170790487,0.22604909828349726
56,56,14840,0.000725567906582144,4.291231817569373,0.2410750486940708,4.573521123003604,0.22621481810043106
57,57,15105,0.000719175113188247,4.2864287538348504,0.24152773326297977,4.573962453585952,0.2261883169412613
58,58,15370,0.0007129483716312009,4.281221630888165,0.24160583705272315,4.57358597285712,0.22600740261042296
59,59,15635,0.0007068806155702758,4.273505702108707,0.24210757118351053,4.568758864900959,0.22679713390656372
60,60,15900,0.0007009651926150554,4.266725227068055,0.2433198446935078,4.565447921183572,0.22722538994319402
61,61,16165,0.0006951958336604732,4.261755221744753,0.24366020217256726,4.565481940312172,0.22706991767705376
62,62,16430,0.0006895666249533424,4.254832181390726,0.2440110704808865,4.564291406033644,0.22687946371178128
63,63,16695,0.0006840719826074151,4.251364902280412,0.24401158319329316,4.562833358992392,0.2273359879184125
64,64,16960,0.0006787066293172959,4.241334575077273,0.24487059521225263,4.556244821690801,0.2277790852891865
65,65,17225,0.0006734655730504567,4.237556966745628,0.24546214089078724,4.553409982083449,0.2281751870664198
66,66,17490,0.000668344087521786,4.2301087613375685,0.24609970242347357,4.550981820519291,0.2283879029217051
67,67,17755,0.0006633376942770788,4.224137340401703,0.24656909259985077,4.5506410954603504,0.22902357244669502
68,68,18020,0.0006584421462310925,4.220842773509475,0.24656182966142332,4.550383461055471,0.22878506357100473
69,69,18285,0.0006536534125226368,4.214725665326388,0.24709898435844566,4.545486727757241,0.22929423669380927
70,70,18550,0.0006489676645639564,4.2088059245415455,0.24747095906509545,4.545032059968407,0.22882039822749237
71,71,18815,0.0006443812631746732,4.2026941659315575,0.24830454936567342,4.539008773974518,0.2300249573899739
72,72,19080,0.0006398907467020325,4.1986007402528,0.24840145240414818,4.545616911418402,0.22929140992129027
73,73,19345,0.000635492820039322,4.193675968781957,0.2487036554318554,4.5379908049284525,0.22977514164661295
74,74,19610,0.0006311843444632983,4.191516190654827,0.24858936200726708,4.536395008884259,0.23005569915273297
75,75,19875,0.0006269623282193989,4.183604672270001,0.24969144441046806,4.5309632358266345,0.2305677001600835
76,76,20140,0.0006228239177905711,4.178356147262285,0.2502175753409008,4.537864158402628,0.22981365692259662
77,77,20405,0.0006187663897918148,4.1710078797250425,0.2505598561381394,4.531844900615179,0.23014226911672905
78,78,20670,0.0006147871434381307,4.170501771063175,0.2504644477704786,4.536757618633668,0.229607300971871
79,79,20935,0.0006108836935385388,4.1658431754921965,0.2509803684252613,4.531764485942784,0.22977938180539145
80,80,21200,0.0006070536639732902,4.158831114139197,0.2512855182841139,4.531366156108343,0.23019279784231045
81,81,21465,0.0006032947816153742,4.1554550314849275,0.25163087569317727,4.532542406623043,0.23063024122323564
82,82,21730,0.0005996048706609934,4.148171998869698,0.25240785209637767,4.529172648244829,0.23078571460140285
83,83,21995,0.0005959818473368804,4.146270245426106,0.2523059076858017,4.531092615269903,0.23054755779344643
84,84,22260,0.0005924237149552082,4.140435084756815,0.25284242202650825,4.526178758535812,0.231136940753282
85,85,22525,0.0005889285592894319,4.13770566886326,0.25266083495796854,4.525796299550071,0.2311330544414805
86,86,22790,0.000585494544246737,4.130388982340975,0.25338478976825496,4.525963776147187,0.23125248546920604
87,87,23055,0.0005821199078148655,4.126350957942459,0.2538554617256488,4.523874005274986,0.2312970072475832
88,88,23320,0.000578802958262997,4.12188724301896,0.25405422460358096,4.523440190215609,0.23202631522470446
89,89,23585,0.0005755420705780769,4.1173430172902235,0.2543986846253557,4.523832157476624,0.23119948226124493
90,90,23850,0.0005723356831195376,4.116156435012817,0.25436988579777053,4.5204619934309775,0.23209733816225137
91,91,24115,0.0005691822944767721,4.111892224257847,0.25500885821738334,4.519795246978305,0.231328808104814
92,92,24380,0.0005660804605149928,4.105455593792898,0.2553336632139278,4.522453443327946,0.2314213854608251
93,93,24645,0.0005630287915962756,4.101751653203425,0.25557737395448504,4.521613967952444,0.23177897218448013
94,94,24910,0.0005600259499636402,4.101092209006255,0.255811000769993,4.516544676538723,0.2317817996242153
95,95,25175,0.0005570706472769831,4.090113146799915,0.25671239714577515,4.518908322747074,0.232004762363078
96,96,25440,0.0005541616422905536,4.090078388969853,0.2567587120915359,4.519522880440328,0.23142951081937818
97,97,25705,0.0005512977386624649,4.085442374787241,0.25720793661081565,4.516248112294211,0.23218496744312458
98,98,25970,0.0005484777828874565,4.0809878250338,0.2571147083673837,4.512824713294186,0.23267576565493397
99,99,26235,0.0005457006623447992,4.077018175484999,0.2579355222998925,4.516731625172629,0.23238496193245275
100,100,26500,0.0005429653034538368,4.074604477972355,0.25734824926223393,4.515847732771689,0.23180653332774317
101,101,26765,0.0005402706699302198,4.070072789462108,0.2583706039302754,4.514700697429144,0.23258954976032029
102,102,27030,0.0005376157611364008,4.063917527108822,0.2586375154976575,4.512740747252507,0.23311285630090914
103,103,27295,0.0005349996105204254,4.062561821487715,0.2585390309117875,4.513150635050304,0.2325948496807867
104,104,27560,0.0005324212841374888,4.058285780672757,0.25875813168174816,4.514456186721574,0.23266092565522264
105,105,27825,0.0005298798792491218,4.056044153897267,0.2590130792473847,4.511167889210715,0.23275385619099462
106,106,28090,0.0005273745229952334,4.05182799393276,0.2597957394033108,4.512787968365114,0.2332821096946944
107,107,28355,0.0005249043711345754,4.04686088651981,0.2598345775649233,4.5118873653127185,0.23282452617118607
108,108,28620,0.0005224686068494991,4.0446350853398165,0.2599461780966453,4.51129782377784,0.23289908112874672
109,109,28885,0.0005200664396111637,4.039806603485683,0.2605951059539363,4.512101934916937,0.23320896678896091
110,110,29150,0.000517697104101614,4.034842096184785,0.26089871778803053,4.509833044080592,0.2332404144664309
111,111,29415,0.0005153598591893911,4.031581569167803,0.26138011487025137,4.5083039910046026,0.23311568262861737
112,112,29680,0.0005130539869555614,4.028793162219929,0.2614854358277231,4.509922924326427,0.23333758560579215
113,113,29945,0.0005107787917672567,4.024576013493088,0.26161391414561364,4.509781929984022,0.2335047179193639
114,114,30210,0.0005085335993960125,4.021296535347992,0.26182271647003463,4.508875291738937,0.23356796712128083
115,115,30475,0.0005063177561783638,4.019096583240437,0.2618901384888955,4.506858085518453,0.23332875077404194
116,116,30740,0.000504130628216329,4.014567227633494,0.2622744613660956,4.5100701744876694,0.23356796712128083
117,117,31005,0.0005019716006155572,4.012548444855888,0.2626007193102027,4.510594481852517,0.23297116516241387
118,118,31270,0.000499840076759063,4.0064782790417945,0.26304349252637826,4.509357687252671,0.23316303229154045
119,119,31535,0.0004977354776145988,4.003882956954668,0.26326366083801916,4.506592593975921,0.2336810386892575
120,120,31800,0.0004956572410738401,4.00293822558421,0.2632970724465712,4.509983667686804,0.23354358748713536
121,121,32065,0.0004936048213216698,3.9985919772454026,0.26348972522987507,4.51001951587734,0.2335556000471115
122,122,32330,0.0004915776882339557,3.993476289173342,0.26397697627544403,4.506134830304046,0.2346792443474727
123,123,32595,0.0004895753268023124,3.9923755357850275,0.2636621268852702,4.510047677737563,0.2340774943134678
124,124,32860,0.0004875972365844292,3.9912590971532858,0.26419500792926215,4.501882916066184,0.23481598919007315
125,125,33125,0.00048564293117863214,3.9836612890351493,0.2649101602581312,4.508081251115941,0.23422201266929285
126,126,33390,0.0004837119377214293,3.9851625136609345,0.2644370528886903,4.5063901588098325,0.23393368120513744
127,127,33655,0.00048180379640685756,3.978122644604377,0.2652411193217871,4.506746719132608,0.2351552018923546
128,128,33920,0.0004799180600265244,3.9785316080417275,0.26511785241792785,4.507252059765716,0.23442094761933854
129,129,34185,0.0004780542935292979,3.974208693234426,0.26529324437087437,4.506793306834662,0.23409304111751159
130,130,34450,0.0004762120735996621,3.968886256667803,0.26587838142547965,4.504330542550158,0.23491033266729383
131,131,34715,0.00047439098825380864,3.9653604345501594,0.26636768180244375,4.504338086541019,0.23461740719738292
132,132,34980,0.0004725906364525903,3.96324822587787,0.2665294004498788,4.504427005995566,0.23446794232325768
133,133,35245,0.00047081062773051096,3.963439044412577,0.2660732977795151,4.504087384067365,0.23527251406392055
134,134,35510,0.00046905058183997143,3.956694120730994,0.2667899036182548,4.507980197223265,0.23495732759361837
135,135,35775,0.00046731012841003697,3.9520599662132985,0.267462842813078,4.510554050331685,0.23450645648721438
136,136,36040,0.0004655889066190298,3.9517058831340863,0.2671246640524774,4.506279319079955,0.23479796790364962
137,137,36305,0.00046388656488029027,3.9478394769272716,0.267537569943464,4.509881859395041,0.23508771164203757
138,138,36570,0.0004622027605404842,3.944532035431772,0.267520394583918,4.51187180761081,0.23499831490552248
139,139,36835,0.00046053715958987047,3.9416460900936485,0.26833420227158744,4.504980115748164,0.23497322846704455
140,140,37100,0.0004588894363839702,3.937003342610485,0.2683301426892011,4.506038075062766,0.23504001035619138
141,141,37365,0.00045725927337611407,3.937336529425855,0.26817871967576584,4.50540315571116,0.2349336527621568
142,142,37630,0.00045564636086036463,3.9330823115582736,0.2686940003116176,4.504850714953978,0.23490326551359092
143,143,37895,0.0004540503967243464,3.930458062549807,0.26890011238601974,4.509003439945961,0.23498736166242343
144,144,38160,0.0004524710862115306,3.9285035745152888,0.2691388655383632,4.50906713684993,0.23500785654160514
145,145,38425,0.0004509081416925541,3.924818235973142,0.2694906318525098,4.50613209026963,0.23518064351224188
146,146,38690,0.0004493612824451669,3.922950810306477,0.2692032536245742,4.504756158857203,0.23507958539386295
147,147,38955,0.0004478302344424279,3.9183975309695835,0.27001372991867784,4.505884761240945,0.23556826430470196
148,148,39220,0.00044631473014878384,3.918220651374673,0.26966709067236705,4.508818932433627,0.23492517311181596
149,149,39485,0.0004448145083236903,3.913318584550102,0.27031277047013336,4.506171838561101,0.23515908887137227
150,150,39750,0.00044332931383244295,3.9122733215116106,0.2705067047532999,4.506849452630798,0.23488807211171336
151,151,40015,0.0004418588974639127,3.908130509898348,0.2707348631800346,4.506200954095641,0.2353968911651355
152,152,40280,0.00044040301575488564,3.9048963960611593,0.27113811334349075,4.508460792142953,0.235640700406103
153,153,40545,0.00043896143082072835,3.906265325366326,0.27084838697370495,4.504280503116437,0.23514636861744212
154,154,40810,0.00043753391019211085,3.8993891554058724,0.27138771999557065,4.511849716528138,0.23492799966192957
155,155,41075,0.0004361202266575324,3.898881413801661,0.27108846616070226,4.507856304965802,0.2352074974063617
156,156,41340,0.0004347201581114089,3.896477674088388,0.27115524675486224,4.508965499365508,0.23493294662504055
157,157,41605,0.0004333334874074896,3.8914101690616247,0.27193115578507476,4.506716208671456,0.23611453820520373
158,158,41870,0.0004319600022173855,3.8887517884092513,0.27177340967475244,4.51161901986421,0.23529477417469025
159,159,42135,0.00043059949489399855,3.886183150309437,0.2724848468348665,4.513609295460715,0.23534176910101479
160,160,42400,0.00042925176233965317,3.8830223002523745,0.27237738899464875,4.509115219116211,0.23526650600468935
161,161,42665,0.0004279166058787398,3.884796398990559,0.2724241320816976,4.5022020126456646,0.23561631943752517
162,162,42930,0.0004265938311346883,3.8793613190920846,0.2727555161939477,4.510737668222456,0.23553928888555783
163,163,43195,0.00042528324791109995,3.8783939253609137,0.2727756419271793,4.5110694899487855,0.2348113962963446
164,164,43460,0.0004239846700768712,3.874459815475176,0.2729685936333998,4.5103792646038,0.23550501554759581
165,165,43725,0.00042269791545515275,3.871355387849628,0.2735329638112266,4.51029793184195,0.2351092653932856
166,166,43990,0.00042142280571599394,3.8695879522359595,0.2734693021144507,4.510432762886161,0.23560359896118963
167,167,44255,0.00042015916627252643,3.8659637775061264,0.27380833524578024,4.514107519121312,0.23505555827226213
168,168,44520,0.0004189068261805539,3.8647971279216264,0.2737781283990392,4.509778079701893,0.2354385868382098
169,169,44785,0.00041766561804141287,3.860728311538696,0.27423867476436325,4.513312887789598,0.2352339983431261
170,170,45050,0.00041643537790798105,3.8591625942374175,0.2742514502327397,4.515522907029337,0.2344880829106516
171,171,45315,0.00041521594519371407,3.8572922553656235,0.2745918501098201,4.509097711363835,0.23568486967193547
172,172,45580,0.00041400716258459475,3.8549531036952756,0.27444303373120865,4.510483129700618,0.23570571661885106
173,173,45845,0.0004128088759538855,3.8546493575258074,0.2746925560370931,4.515330343104121,0.23513082181339834
174,174,46110,0.00041162093427957923,3.8516372815617976,0.27504645788444665,4.513950653930209,0.23583539453015398
175,175,46375,0.0004104431895644491,3.8480812612569557,0.27507380235869927,4.511071098384573,0.23547710055735574
176,176,46640,0.0004092754967585995,3.8458087354336143,0.27526722505407514,4.5144837009373,0.23543575895366384
177,177,46905,0.000408117713684427,3.8456163676279895,0.27559613073771855,4.508265182153503,0.23601736728824788
178,178,47170,0.0004069697009639048,3.8410883624598666,0.27606304377879737,4.511000063881945,0.23487853136525225
179,179,47435,0.0004058313219481015,3.840300525809234,0.27589871917130815,4.512272692438382,0.23599475399771733
180,180,47700,0.0004047024426488601,3.836222609933817,0.2760546270406471,4.515442229028958,0.2359343322355356
181,181,47965,0.00040358293167255317,3.8355821627490925,0.2760382629790396,4.509866828349099,0.23620570217495535
182,182,48230,0.00040247266015584396,3.830840113477887,0.27658511681376763,4.516460831485578,0.235496534785228
183,183,48495,0.00040137150170338053,3.831008801370297,0.27648641939433116,4.510849127128942,0.23617390131772453
184,184,48760,0.00040027933232735505,3.8266175018166595,0.27675764465107106,4.5171863071954075,0.2351142139132343
185,185,49025,0.00039919603038886226,3.824582363524527,0.27721994339295153,4.516538207210711,0.2359286775784706
186,186,49290,0.000398121476540994,3.8217087835635777,0.27752748682813827,4.5153096184801695,0.235582398167297
187,187,49555,0.0003970555536736103,3.8207302120496642,0.2772554913781724,4.515332599184406,0.23534176932342016
188,188,49820,0.0003959981468597282,3.81955175309811,0.2774851883919734,4.518233975367759,0.23510396636244077
189,189,50085,0.00039494914330347213,3.8175084015108505,0.27755880569511987,4.513122337967602,0.2361067653591953
190,190,50350,0.000393908432289534,3.813798503155978,0.27773535015448086,4.516472951689763,0.23566472775010922
191,191,50615,0.0003928759051340899,3.809770856713349,0.27816265607779883,4.517472644350422,0.2357233836134868
192,192,50880,0.00039185145513712436,3.8110746482633195,0.27765643484187574,4.515996804877894,0.23504177647740093
193,193,51145,0.00039083497753611624,3.804980989672103,0.27864700077839616,4.517512990467584,0.2362523445887352
194,194,51410,0.000389826369461038,3.8032668851456553,0.2788425585009017,4.5222017800630026,0.23566826110455527
195,195,51675,0.0003888255298906267,3.801693568139706,0.27870720242554287,4.520644486840092,0.2349926626949168
196,196,51940,0.0003878323596098834,3.7997067496461687,0.27886695670631695,4.519659547663447,0.23507181210304373
197,197,52205,0.00038684676116876033,3.798739126493346,0.27920868059374254,4.523288477712603,0.2351647426388157
198,198,52470,0.00038586863884199795,3.7967142069114828,0.27915446162223817,4.520526131587242,0.2361325588244111
199,199,52735,0.00038489789859007256,3.794678464925514,0.2793140857849481,4.520102856764153,0.23591631050430126
200,200,53000,0.0003839344480212195,3.7962809634658528,0.27970417749206977,4.51775811323479,0.23485097111161077
201,201,53265,0.00038297819635449713,3.7904210423523526,0.27971755097497186,4.520980856311855,0.23616365465655256
202,202,53530,0.00038202905438385743,3.7874422766127678,0.27984637005149193,4.521898511630385,0.23575836553502438
203,203,53795,0.00038108693444319095,3.7834393915140403,0.2801066586431467,4.52056573042229,0.23617496063460164
204,204,54060,0.0003801517503723162,3.7822611952727696,0.2803926690569464,4.523022039612727,0.23609899140115995
205,205,54325,0.000379223417483882,3.7834991482068907,0.28021719242041965,4.521338911198858,0.23570324413811983
206,206,54590,0.00037830185253115455,3.779474861216995,0.28043556663225283,4.521258475175545,0.2364449174101673
207,207,54855,0.0003773869736766619,3.777717909722958,0.28074268282584425,4.528265141729099,0.23548876171681418
208,208,55120,0.0003764787004616679,3.7737192882681794,0.2807689166293954,4.525680371184848,0.235747410957493
209,209,55385,0.0003755769537764512,3.772896207953399,0.28099959582652684,4.521023657784533,0.2368491481044399
210,210,55650,0.00037468165583136293,3.77228877679357,0.2810623179066856,4.521421204751997,0.23575589127505003
211,211,55915,0.00037379273012864,3.769213165427154,0.2814182272497213,4.523336794838976,0.23630075245650847
212,212,56180,0.00037291010143495045,3.767374364385065,0.2812983366678346,4.5270020143309635,0.23600005391818374
213,213,56445,0.0003720336957546486,3.766090658475768,0.2817387176009844,4.530767775293606,0.23597708655827082
214,214,56710,0.00037116344030371865,3.7656181821283305,0.28144386433205515,4.526199597031323,0.2357958199372932
215,215,56975,0.0003702992634843846,3.7617838499681007,0.2820868934100529,4.527669664639146,0.2356657877342025
216,216,57240,0.00036944109486036916,3.757930835687889,0.2822011002954447,4.525755327139327,0.23592938549483
217,217,57505,0.0003685888651327785,3.7591506103299697,0.2824139642265608,4.522702138815353,0.2363212464460686
218,218,57770,0.0003677425061165979,3.7554750649434214,0.2823594452075239,4.527422435248076,0.2358555351175479
219,219,58035,0.000366901950717777,3.753975018015448,0.2825712409784209,4.530182468357371,0.23627248562093991
220,220,58300,0.0003660671329108892,3.7523755928255476,0.28303076040070013,4.524661975120431,0.23635410750979807
221,221,58565,0.00036523798771734804,3.7491893282476463,0.28274765689418,4.528002738952637,0.23588627599068543
222,222,58830,0.0003644144511841627,3.7496202738779894,0.2827629090480085,4.528009791872394,0.23623997640253894
223,223,59095,0.0003635964603632196,3.7453647118694375,0.28298495782996125,4.536507891185248,0.23552798246269796
224,224,59360,0.000362783953291072,3.7456498775842055,0.28309937940453583,4.528608065932544,0.2360555298292815
225,225,59625,0.0003619768689692245,3.7415613867201896,0.2832094410680375,4.535262556218389,0.2357862794132375
226,226,59890,0.00036117514734489874,3.740807360523152,0.28342909599250216,4.5298919250716025,0.23637778189644884
227,227,60155,0.00036037872929226423,3.738120752010705,0.2835724447133406,4.5328775163906725,0.2361693077567798
228,228,60420,0.0003595875565941235,3.737399090461011,0.2842042803764343,4.531713713460894,0.23544282610736675
229,229,60685,0.00035880157192403754,3.7335064932985125,0.28412224605398356,4.536917743398182,0.23607496405715372
230,230,60950,0.00035802071882887806,3.7330324020025865,0.28426537963579285,4.532106363951271,0.2359742602305626
231,231,61215,0.00035724494171179724,3.7332092842965756,0.28427439421977635,4.529432716654308,0.23593256566951523
232,232,61480,0.00035647418581560044,3.729157283171168,0.28442090277401905,4.533013258407365,0.23654774164975578
233,233,61745,0.0003557083972065126,3.7287285993684014,0.28459227782375407,4.534702564353373,0.2361784946562639
234,234,62010,0.00035494752275832593,3.7250813412216472,0.28477604366698356,4.5310540626298135,0.235851648583341
235,235,62275,0.0003541915101369189,3.7253099459522176,0.28485260920704536,4.531460534280805,0.23604033598259314
236,236,62540,0.0003534403077851379,3.7216109302808653,0.2849735251012838,4.53596368476526,0.235680982248107
237,237,62805,0.0003526938649080282,3.720658714366409,0.28513195312248085,4.539150045878851,0.23653890793003254
238,238,63070,0.0003519521314584079,3.7195666142229764,0.2853285363260305,4.53147696025336,0.23643961748970088
239,239,63335,0.0003512150581227731,3.7155438486135233,0.28563949859367227,4.538159647984291,0.23575023928684974
240,240,63600,0.0003504825963075277,3.7152270793914797,0.28558775793831304,4.544955025857954,0.23543575850885307
241,241,63865,0.00034975469812552687,3.7136222164585906,0.28528367404667837,4.536121774075636,0.23634315471150982
242,242,64130,0.0003490313163829269,3.710997208109442,0.28570388746711445,4.543760769402803,0.23567992181920294
243,243,64395,0.0003483124045663328,3.710404844104119,0.2856969666930864,4.540260713491866,0.2358290346255943
244,244,64660,0.0003475979168302366,3.709138499565844,0.28626603697830777,4.5384529384214485,0.23613715194054505
245,245,64925,0.00034688780798473726,3.7064539720427314,0.2862603114460999,4.53734285440018,0.23595058562150642
246,246,65190,0.0003461820334835353,3.7043601368958097,0.2866710823661876,4.53712927405514,0.23622442848646819
247,247,65455,0.00034548054941219576,3.7047709896879377,0.2865403828755865,4.537205624936232,0.23539583095863684
248,248,65720,0.0003447833124766712,3.704491362481747,0.2863343138739748,4.535546523421558,0.23632760679543907
249,249,65985,0.0003440902799920784,3.7011973381042482,0.28670462122503315,4.540326730528874,0.2362293765616061
250,250,66250,0.00034340140987172257,3.6999367740919005,0.2864522381773535,4.538651786633392,0.2363081727899722
251,251,66515,0.00034271666061636203,3.700631868614341,0.28647475467537936,4.539360373767455,0.23604846245317318
252,252,66780,0.00034203599130370755,3.695762131349096,0.2868990278468942,4.539502364486011,0.23604740335870145
253,253,67045,0.00034135936157815024,3.6944433059332504,0.28733876561218835,4.542216400601971,0.23596613331517177
254,254,67310,0.0003406867316407117,3.6928425096115975,0.28738508055794915,4.539932798983446,0.23597002007178405
255,255,67575,0.000340018062239212,3.690902993364154,0.28725775615224297,4.544740861921168,0.23667954064127225
256,256,67840,0.00033935331465864796,3.6883611948984973,0.28771509899283354,4.54622581111851,0.23563363302999468
257,257,68105,0.00033869245071177864,3.689290175347958,0.28735914657700734,4.543853638777092,0.2362958059382083
258,258,68370,0.0003380354327299108,3.6854405151223237,0.28774624680573085,4.544171383131796,0.23581030720205448
259,259,68635,0.00033738222355388114,3.683024535988862,0.288141549870653,4.54826483085974,0.23578698643997534
260,260,68900,0.00033673278652522837,3.6860794886103214,0.2878156769950435,4.543307247446545,0.23598062057993305
261,261,69165,0.00033608708547755266,3.6808030092491295,0.28832535799944176,4.5471717065839625,0.2359014711718061
262,262,69430,0.00033544508472805587,3.6780585981764884,0.28849575002238437,4.546911858800632,0.23514530841094344
263,263,69695,0.00033480674906925914,3.6774413279767306,0.2888749045021129,4.543920844348509,0.23605164285026378
264,264,69960,0.000334172043760893,3.6769645151102317,0.28875155257728863,4.544460310864804,0.23589122339860716
265,265,70225,0.0003335409345219564,3.6727162873969887,0.2892075274350508,4.5505969132950055,0.23533399447576323
266,266,70490,0.00033291338752293947,3.673085106543775,0.2889803952765915,4.5486132707168805,0.2360435154900622
267,267,70755,0.00033228936937820726,3.6712601283811175,0.2890280342326974,4.54704974302605,0.23636859544177555
268,268,71020,0.0003316688471385394,3.6699144309421756,0.28899099084566227,4.546842318862232,0.23620252177786472
269,269,71285,0.00033105178828382294,3.6698044156128504,0.2893192573538366,4.54328118509321,0.23594493318849535
270,270,71550,0.0003304381607158934,3.6705002379867264,0.28946700422268995,4.543301126850185,0.2362562309005367
271,271,71815,0.00032982793275152243,3.6655550884750654,0.28972203765275345,4.548959952681812,0.2357940527040567
272,272,72080,0.00032922107311554626,3.662517373966721,0.28978574320955097,4.546729215935095,0.23599086724110505
273,273,72345,0.00032861755093413324,3.6618737814561375,0.2898864481809004,4.549509326023842,0.23627425129733867
274,274,72610,0.0003280173357281866,3.661517092866718,0.28981013927819593,4.549552711088266,0.23658873074090303
275,275,72875,0.0003274203974068795,3.6592598735161546,0.2902723945536703,4.550720229077695,0.2359908681307266
276,276,73140,0.0003268267062613184,3.6547561492560043,0.29034443126534515,4.554957261726038,0.23598203418859795
277,277,73405,0.00032623623295833295,3.6582890024724994,0.29029281814143343,4.545979030096709,0.2365215945599684
278,278,73670,0.0003256489485343886,3.655535388442705,0.2903282823427668,4.552669261818502,0.23636506097530252
279,279,73935,0.00032506482438961947,3.653369812695485,0.29067534680636425,4.5559562853912805,0.23617637446567194
280,280,74200,0.0003244838322819782,3.6499930219830206,0.2909059405326843,4.5565148965636295,0.2357336316090911
281,281,74465,0.00032390594432150086,3.6486977766144952,0.2912386920092241,4.5564383392903345,0.23599581375940523
282,282,74730,0.0003233311329646836,3.6485975382462987,0.2911504195546204,4.5541377992772345,0.23615270052383194
283,283,74995,0.0003227593710089685,3.6468140431170193,0.2909608443952956,4.559270218237122,0.23636541415506335
284,284,75260,0.0003221906315873366,3.646607498852712,0.29148714531142755,4.56170314105589,0.23516262244822375
285,285,75525,0.00032162488816300523,3.6455358865126124,0.2910594127088223,4.552040427478392,0.23573398456644656
286,286,75790,0.00032106211452422755,3.6437072052145902,0.29126843034096483,4.554050111058933,0.23660851770372532
287,287,76055,0.0003205022847791914,3.6432278057314313,0.2917043239440558,4.552234144353155,0.23614139254413433
288,288,76320,0.00031994537335101625,3.64005504644142,0.2918789884954129,4.555441450716844,0.23607072389837522
289,289,76585,0.00031939135497284515,3.6383430894815696,0.2922156717417375,4.554174693662729,0.23554141018817673
290,290,76850,0.0003188402046830296,3.637875773771754,0.29188578173799334,4.5570887451741235,0.23596542651083932
291,291,77115,0.0003182918978204061,3.6352073444510404,0.2919102209918904,4.554494089155055,0.23676116386456275
292,292,77380,0.000317746410019661,3.633869670472055,0.2923441928512645,4.551487509884051,0.2367526842142219
293,293,77645,0.00031720371720678344,3.6310306845970874,0.292514883459739,4.560543380566497,0.23604316275511214
294,294,77910,0.0003166637955946021,3.6300569651261814,0.29266839960836016,4.560824942232958,0.2359251451136461
295,295,78175,0.0003161266216784066,3.6296615528610516,0.29229313495024195,4.56266300713838,0.23605446962278281
296,296,78440,0.00031559217223164915,3.6280346744465377,0.2926551551189063,4.561727972172979,0.23614952101636288
297,297,78705,0.0003150604243017269,3.627813829565948,0.29271339043131417,4.561953829295599,0.23654138130038532
298,298,78970,0.00031453135520584136,3.6245972966248132,0.29295462279949547,4.566556197493823,0.23539159079985833
299,299,79235,0.00031400494252693454,3.623827299981747,0.2931576155266672,4.553978613953092,0.23638166865306115
300,300,79500,0.00031348116410969947,3.6241179862112367,0.29325404931914134,4.55838059667331,0.23591807751513239
301,301,79765,0.00031295999805666365,3.6253755182590126,0.2927307796928118,4.557766935718593,0.23673042210180367
302,302,80030,0.000312441422724344,3.6197397447981925,0.29333813325414115,4.564469088369341,0.2365382009032947
303,303,80295,0.00031192541671947187,3.617818536398546,0.2936855839108521,4.5633427491828575,0.23633078608050276
304,304,80560,0.00031141195889528554,3.6176267587913657,0.293582998131806,4.564685942521736,0.23608662432699062
305,305,80825,0.0003109010283478909,3.616782040865916,0.2938011150315123,4.560701306186505,0.23556932428879523
306,306,81090,0.00031039260441268656,3.612043252081241,0.29411126532644594,4.570556918186928,0.23605305645892868
307,307,81355,0.00030988666666085347,3.6137581645317796,0.2940753333973435,4.565340675524811,0.23542409868382697
308,308,81620,0.0003093831948959074,3.612487525760003,0.29437492973399615,4.567947031846687,0.23586860921845507
309,309,81885,0.0003088821691503125,3.6128864504256337,0.29383269064831286,4.56193877689874,0.23620852916987975
310,310,82150,0.0003083835696821553,3.609270085028882,0.2941488650609862,4.570206272068308,0.23597461318791801
311,311,82415,0.00030788737697187723,3.6073203383751635,0.29435801056196104,4.568402183589651,0.23549335505535354
312,312,82680,0.00030739357171906536,3.605334819937652,0.2945113981669804,4.568747570265585,0.23603821645921735
313,313,82945,0.00030690213483929886,3.6033939604489307,0.2948203939311909,4.57021432848119,0.23541173205446841
314,314,83210,0.0003064130474610513,3.6033016024895432,0.29490614578409013,4.572199330401065,0.2363488073669263
315,315,83475,0.00030592629092264685,3.604700864935821,0.2948861501126919,4.567195024063338,0.23601348142125714
316,316,83740,0.0003054418467692694,3.603954365568341,0.2949939059761335,4.566933261814402,0.23551985643692872
317,317,84005,0.000304959696750024,3.599864073519437,0.29518954933814284,4.57326560233956,0.2350128037271215
318,318,84270,0.0003044798228150485,3.599849876367821,0.2949863428214811,4.567346117389736,0.23574211170424275
319,319,84535,0.000304002207112676,3.5991253124093108,0.29501394415801424,4.567664110838478,0.23564988708318169
320,320,84800,0.0003035268319866451,3.5972186214518995,0.2956664186603618,4.568994764071792,0.23586330863077248
321,321,85065,0.00030305367997335834,3.5956144692762844,0.2955980123214002,4.5706759424351935,0.23556084397123822
322,322,85330,0.00030258273379918816,3.5960094496888932,0.2956540688028875,4.569692213143876,0.23597461252070184
323,323,85595,0.0003021139763778276,3.5950997469560155,0.2955501158282442,4.568754936332133,0.23606082886012633
324,324,85860,0.0003016473908076871,3.5928946980890237,0.29562629821165554,4.570778405488427,0.2349057391063491
325,325,86125,0.0003011829603693343,3.589882994597813,0.2960436479100641,4.5764313171158975,0.2353901778584096
326,326,86390,0.00030072066852297844,3.5873253732357386,0.29636892350214833,4.574894862388497,0.23553681618242123
327,327,86655,0.0003002604989059956,3.5863519650585247,0.296524660317403,4.573105520276881,0.2358237342603171
328,328,86920,0.0002998024353304967,3.5891426671226068,0.296169220726445,4.570777957119159,0.23606012294541545
329,329,87185,0.00029934646178093546,3.586338223151441,0.29652846275635486,4.572550033455465,0.2357785063448237
330,330,87450,0.0002988925624117565,3.5853644461001988,0.2966079336292339,4.569834331967938,0.23549335461054274
331,331,87715,0.00029844072154508266,3.581866176173372,0.29705463659088566,4.576183582419779,0.23518841658065567
332,332,87980,0.0002979909236684402,3.581320810317993,0.2965817428984732,4.578489787542998,0.2354739203826705
333,333,88245,0.0002975431534325226,3.580633309202374,0.2966169062650429,4.574790328296263,0.23589899668942638
334,334,88510,0.00029709739564898966,3.5786302449568264,0.2970548511676069,4.583425237171686,0.23557427125190622
335,335,88775,0.0002966536352883043,3.5792170569581807,0.29717482542091944,4.572430760113161,0.23567815503077721
336,336,89040,0.0002962118574776041,3.575964300587492,0.2971449167098639,4.578626248373914,0.2361459863274845
337,337,89305,0.0002957720474986073,3.576242110414325,0.2970890310575377,4.578998444685295,0.2360869790635892
338,338,89570,0.0002953341907855535,3.574981719142986,0.29745592126306497,4.572701938116729,0.23622725614860876
339,339,89835,0.0002948982729231775,3.5758924034406556,0.29722293446648795,4.572628334387025,0.23624810309552435
340,340,90100,0.00029446427964471594,3.571227097061445,0.29746993678920675,4.586447139284504,0.2362993404046813
341,341,90365,0.0002940321968299463,3.573537515244394,0.29763362047807224,4.573912278929753,0.2359240860191744
342,342,90630,0.00029360201050325713,3.569051930589496,0.2980325995751147,4.5855687625372585,0.23564105425308
343,343,90895,0.00029317370683174936,3.5664636225070594,0.2981227507006447,4.5834403322703805,0.23575377108445808
344,344,91160,0.0002927472721233685,3.5665700408647645,0.2979500085677741,4.576596679972179,0.2355428242416524
345,345,91425,0.0002923226928250656,3.5674098779570382,0.29806447197806163,4.574080986763114,0.2358972307906222
346,346,91690,0.00029189995552098875,3.56190912138741,0.2984295261356066,4.58632273460502,0.23584705479999088
347,347,91955,0.0002914790469307018,3.566033936446568,0.2980904928918155,4.575605840825323,0.2356636677660159
348,348,92220,0.00029105995390743273,3.563618387366241,0.2983951739545138,4.580774897959695,0.2354180921814335
349,349,92485,0.0002906426634363484,3.5604339680581725,0.2986757570842527,4.585387564417141,0.2350004355409252
350,350,92750,0.00029022716263285754,3.5609377986979935,0.29888037386930216,4.582499703364586,0.2352368253380505
351,351,93015,0.00028981343874093923,3.5592929057355196,0.2986080780344189,4.583016808353253,0.23596259973832032
352,352,93280,0.0002894014791314985,3.5579172629230427,0.29904388605423693,4.583281182531101,0.2359014713942115
353,353,93545,0.0002889912713007468,3.557405718317572,0.29889742136001585,4.583084860844399,0.23566578817901326
354,354,93810,0.0002885828028686082,3.555495171277028,0.29922107278176074,4.586148575170716,0.23524424589391965
355,355,94075,0.0002881760615771502,3.555229178014791,0.2988188910034468,4.582903890467402,0.23598379986499673
356,356,94340,0.00028777103528903844,3.5552698288323743,0.2987221580631328,4.579129475266186,0.23590500430384678
357,357,94605,0.00028736771198601557,3.5556787032001425,0.2988309392389262,4.582197666168213,0.2358972307906222
358,358,94870,0.0002869660797674035,3.5504413802668733,0.2995895012369696,4.589887405509379,0.23572409064022462
359,359,95135,0.00028656612684862853,3.5515753458131036,0.29936262492863636,4.582090050426881,0.23538346388446751
360,360,95400,0.0002861678415597688,3.549060087383918,0.29987495597803365,4.58744518080754,0.23534848129571373
361,361,95665,0.00028577121234412464,3.5485800752099954,0.30006008935424516,4.585549610764233,0.23535378344023405
362,362,95930,0.00028537622775680945,3.5493014587546297,0.2996924287867996,4.585708418888832,0.23542904542453252
363,363,96195,0.0002849828764633632,3.5455310596610015,0.3000318891597244,4.586250177070276,0.23574741162470916
364,364,96460,0.00028459114723838603,3.5475995621591245,0.29993601238952494,4.582018425215536,0.23585871529223315
365,365,96725,0.00028420102896419295,3.544504780139563,0.29995652066086825,4.590398190626457,0.23566508115227544
366,366,96990,0.0002838125106294883,3.5427959181227773,0.3004999555506796,4.594464351881796,0.2351672155643577
367,367,97255,0.0002834255813280605,3.5400897026062013,0.30003509341545825,4.594333641564668,0.23532904840227384
368,368,97520,0.0002830402302574964,3.541068882312415,0.300345286895644,4.589077977991816,0.2355682636374858
369,369,97785,0.0002826564467179141,3.5381716125416305,0.3006832946021602,4.591166688435114,0.23545837291141056
370,370,98050,0.00028227422011071557,3.537762247841313,0.3006756890494868,4.5933300488030735,0.23603786283464573
371,371,98315,0.000281893539937357,3.5404220805977875,0.3003080721171397,4.582873500994782,0.23597708744789236
372,372,98580,0.0002815143957981378,3.537981054917821,0.3008528746523947,4.589186298313425,0.23507887792231433
373,373,98845,0.00028113677739100733,3.5353493096693507,0.3009749433904324,4.593045839622839,0.23594881927789146
374,374,99110,0.000280760674510389,3.533729283314831,0.300797330883314,4.590668400721763,0.2356050130146653
375,375,99375,0.00028038607704602216,3.533355072309386,0.301037153995262,4.588231570685088,0.23574988521746734
376,376,99640,0.0002800129749818201,3.5345442933856317,0.3009173925192851,4.592830949754857,0.23514036122542709
